{"cameraMode":{"drawMode":0,"name":"Shaded","section":"Shading Mode"},"sceneLighting":false,"audioPlay":false,"sceneViewState":{"m_AlwaysRefresh":false,"showFog":true,"showSkybox":true,"showFlares":true,"showImageEffects":true,"showParticleSystems":true,"showVisualEffectGraphs":true,"m_FxEnabled":true},"in2DMode":false,"pivot":{"x":-33.67440414428711,"y":23.765888214111329,"z":-14.792926788330079},"rotation":{"x":0.10577013343572617,"y":-0.2602545917034149,"z":0.028702089563012124,"w":0.9593573212623596},"size":183.45767211914063,"orthographic":false}